timestamp_utc,timestamp_local,naptan,station,percentage_of_baseline,data_available,band,reading_time_utc
2026-07-09T18:07:39Z,2026-07-09 19:07:39,940GZZLUCSD,Colliers Wood,0.024096,true,quiet,2026-07-09T18:01:00.000Z
2026-07-09T18:07:39Z,2026-07-09 19:07:39,940GZZLUTBY,Tooting Broadway,0.402157,true,busy,2026-07-09T18:01:00.000Z
2026-07-09T18:07:39Z,2026-07-09 19:07:39,940GZZLUTBC,Tooting Bec,0.238683,true,quiet,2026-07-09T18:01:00.000Z
2026-07-09T18:07:39Z,2026-07-09 19:07:39,940GZZLUBLM,Balham,0.379820,true,quiet,2026-07-09T18:01:00.000Z
2026-07-09T18:07:39Z,2026-07-09 19:07:39,940GZZLUCPS,Clapham South,0.049158,true,quiet,2026-07-09T18:01:00.000Z
2026-07-09T18:07:39Z,2026-07-09 19:07:39,940GZZLUCPC,Clapham Common,0.018223,true,quiet,2026-07-09T18:01:00.000Z
2026-07-09T18:07:39Z,2026-07-09 19:07:39,940GZZLUCPN,Clapham North,0.015887,true,quiet,2026-07-09T18:01:00.000Z
2026-07-10T16:37:33Z,2026-07-10 17:37:33,940GZZLUCSD,Colliers Wood,0.167748,true,quiet,2026-07-10T16:31:00.000Z
2026-07-10T16:37:33Z,2026-07-10 17:37:33,940GZZLUTBY,Tooting Broadway,0.349384,true,quiet,2026-07-10T16:31:00.000Z
2026-07-10T16:37:33Z,2026-07-10 17:37:33,940GZZLUTBC,Tooting Bec,0.210170,true,quiet,2026-07-10T16:31:00.000Z
2026-07-10T16:37:33Z,2026-07-10 17:37:33,940GZZLUBLM,Balham,0.344955,true,quiet,2026-07-10T16:31:00.000Z
2026-07-10T16:37:33Z,2026-07-10 17:37:33,940GZZLUCPS,Clapham South,0.048248,true,quiet,2026-07-10T16:31:00.000Z
2026-07-10T16:37:33Z,2026-07-10 17:37:33,940GZZLUCPC,Clapham Common,,false,none,
2026-07-10T16:37:33Z,2026-07-10 17:37:33,940GZZLUCPN,Clapham North,,false,none,
2026-07-10T16:54:03Z,2026-07-10 17:54:03,940GZZLUCSD,Colliers Wood,0.177943,true,quiet,2026-07-10T16:46:00.000Z
2026-07-10T16:54:03Z,2026-07-10 17:54:03,940GZZLUTBY,Tooting Broadway,0.370955,true,quiet,2026-07-10T16:46:00.000Z
2026-07-10T16:54:03Z,2026-07-10 17:54:03,940GZZLUTBC,Tooting Bec,0.231041,true,quiet,2026-07-10T16:46:00.000Z
2026-07-10T16:54:03Z,2026-07-10 17:54:03,940GZZLUBLM,Balham,0.351558,true,quiet,2026-07-10T16:46:00.000Z
2026-07-10T16:54:03Z,2026-07-10 17:54:03,940GZZLUCPS,Clapham South,0.053710,true,quiet,2026-07-10T16:46:00.000Z
2026-07-10T16:54:03Z,2026-07-10 17:54:03,940GZZLUCPC,Clapham Common,,false,none,
2026-07-10T16:54:03Z,2026-07-10 17:54:03,940GZZLUCPN,Clapham North,,false,none,
2026-07-10T17:22:09Z,2026-07-10 18:22:09,940GZZLUCSD,Colliers Wood,0.186284,true,quiet,2026-07-10T17:16:00.000Z
2026-07-10T17:22:09Z,2026-07-10 18:22:09,940GZZLUTBY,Tooting Broadway,0.452234,true,busy,2026-07-10T17:16:00.000Z
2026-07-10T17:22:09Z,2026-07-10 18:22:09,940GZZLUTBC,Tooting Bec,0.242504,true,quiet,2026-07-10T17:16:00.000Z
2026-07-10T17:22:09Z,2026-07-10 18:22:09,940GZZLUBLM,Balham,0.352615,true,quiet,2026-07-10T17:16:00.000Z
2026-07-10T17:22:09Z,2026-07-10 18:22:09,940GZZLUCPS,Clapham South,0.067365,true,quiet,2026-07-10T17:16:00.000Z
2026-07-10T17:22:09Z,2026-07-10 18:22:09,940GZZLUCPC,Clapham Common,0.000000,true,quiet,2026-07-10T17:16:00.000Z
2026-07-10T17:22:09Z,2026-07-10 18:22:09,940GZZLUCPN,Clapham North,0.000000,true,quiet,2026-07-10T17:16:00.000Z
2026-07-10T17:25:28Z,2026-07-10 18:25:28,940GZZLUCSD,Colliers Wood,0.186284,true,quiet,2026-07-10T17:16:00.000Z
2026-07-10T17:25:28Z,2026-07-10 18:25:28,940GZZLUTBY,Tooting Broadway,0.452234,true,busy,2026-07-10T17:16:00.000Z
2026-07-10T17:25:28Z,2026-07-10 18:25:28,940GZZLUTBC,Tooting Bec,0.242504,true,quiet,2026-07-10T17:16:00.000Z
2026-07-10T17:25:28Z,2026-07-10 18:25:28,940GZZLUBLM,Balham,0.352615,true,quiet,2026-07-10T17:16:00.000Z
2026-07-10T17:25:28Z,2026-07-10 18:25:28,940GZZLUCPS,Clapham South,0.067365,true,quiet,2026-07-10T17:16:00.000Z
2026-07-10T17:25:28Z,2026-07-10 18:25:28,940GZZLUCPC,Clapham Common,0.000000,true,quiet,2026-07-10T17:16:00.000Z
2026-07-10T17:25:28Z,2026-07-10 18:25:28,940GZZLUCPN,Clapham North,0.000000,true,quiet,2026-07-10T17:16:00.000Z
2026-07-10T17:29:01Z,2026-07-10 18:29:01,940GZZLUCSD,Colliers Wood,0.177943,true,quiet,2026-07-10T17:21:00.000Z
2026-07-10T17:29:01Z,2026-07-10 18:29:01,940GZZLUTBY,Tooting Broadway,0.444530,true,busy,2026-07-10T17:21:00.000Z
2026-07-10T17:29:01Z,2026-07-10 18:29:01,940GZZLUTBC,Tooting Bec,0.223692,true,quiet,2026-07-10T17:21:00.000Z
2026-07-10T17:29:01Z,2026-07-10 18:29:01,940GZZLUBLM,Balham,0.376915,true,quiet,2026-07-10T17:21:00.000Z
2026-07-10T17:29:01Z,2026-07-10 18:29:01,940GZZLUCPS,Clapham South,0.068275,true,quiet,2026-07-10T17:21:00.000Z
2026-07-10T17:29:01Z,2026-07-10 18:29:01,940GZZLUCPC,Clapham Common,,true,none,2026-07-10T17:21:00.000Z
2026-07-10T17:29:01Z,2026-07-10 18:29:01,940GZZLUCPN,Clapham North,,true,none,2026-07-10T17:21:00.000Z
2026-07-10T17:31:05Z,2026-07-10 18:31:05,940GZZLUCSD,Colliers Wood,0.177943,true,quiet,2026-07-10T17:21:00.000Z
2026-07-10T17:31:05Z,2026-07-10 18:31:05,940GZZLUTBY,Tooting Broadway,0.444530,true,busy,2026-07-10T17:21:00.000Z
2026-07-10T17:31:05Z,2026-07-10 18:31:05,940GZZLUTBC,Tooting Bec,0.223692,true,quiet,2026-07-10T17:21:00.000Z
2026-07-10T17:31:05Z,2026-07-10 18:31:05,940GZZLUBLM,Balham,0.376915,true,quiet,2026-07-10T17:21:00.000Z
2026-07-10T17:31:05Z,2026-07-10 18:31:05,940GZZLUCPS,Clapham South,0.068275,true,quiet,2026-07-10T17:21:00.000Z
2026-07-10T17:31:05Z,2026-07-10 18:31:05,940GZZLUCPC,Clapham Common,,true,none,2026-07-10T17:21:00.000Z
2026-07-10T17:31:05Z,2026-07-10 18:31:05,940GZZLUCPN,Clapham North,,true,none,2026-07-10T17:21:00.000Z
2026-07-10T17:35:26Z,2026-07-10 18:35:26,940GZZLUCSD,Colliers Wood,0.165431,true,quiet,2026-07-10T17:31:00.000Z
2026-07-10T17:35:26Z,2026-07-10 18:35:26,940GZZLUTBY,Tooting Broadway,0.426810,true,busy,2026-07-10T17:31:00.000Z
2026-07-10T17:35:26Z,2026-07-10 18:35:26,940GZZLUTBC,Tooting Bec,0.234862,true,quiet,2026-07-10T17:31:00.000Z
2026-07-10T17:35:26Z,2026-07-10 18:35:26,940GZZLUBLM,Balham,0.383782,true,quiet,2026-07-10T17:31:00.000Z
2026-07-10T17:35:26Z,2026-07-10 18:35:26,940GZZLUCPS,Clapham South,0.068275,true,quiet,2026-07-10T17:31:00.000Z
2026-07-10T17:35:26Z,2026-07-10 18:35:26,940GZZLUCPC,Clapham Common,,true,none,2026-07-10T17:26:00.000Z
2026-07-10T17:35:26Z,2026-07-10 18:35:26,940GZZLUCPN,Clapham North,,true,none,2026-07-10T17:26:00.000Z
2026-07-10T17:40:53Z,2026-07-10 18:40:53,940GZZLUCSD,Colliers Wood,0.177943,true,quiet,2026-07-10T17:36:00.000Z
2026-07-10T17:40:53Z,2026-07-10 18:40:53,940GZZLUTBY,Tooting Broadway,0.386749,true,quiet,2026-07-10T17:36:00.000Z
2026-07-10T17:40:53Z,2026-07-10 18:40:53,940GZZLUTBC,Tooting Bec,0.229571,true,quiet,2026-07-10T17:36:00.000Z
2026-07-10T17:40:53Z,2026-07-10 18:40:53,940GZZLUBLM,Balham,0.387216,true,quiet,2026-07-10T17:36:00.000Z
2026-07-10T17:40:53Z,2026-07-10 18:40:53,940GZZLUCPS,Clapham South,0.064634,true,quiet,2026-07-10T17:36:00.000Z
2026-07-10T17:40:53Z,2026-07-10 18:40:53,940GZZLUCPC,Clapham Common,,true,none,2026-07-10T17:36:00.000Z
2026-07-10T17:40:53Z,2026-07-10 18:40:53,940GZZLUCPN,Clapham North,,true,none,2026-07-10T17:36:00.000Z
2026-07-10T17:45:33Z,2026-07-10 18:45:33,940GZZLUCSD,Colliers Wood,0.177943,true,quiet,2026-07-10T17:36:00.000Z
2026-07-10T17:45:33Z,2026-07-10 18:45:33,940GZZLUTBY,Tooting Broadway,0.386749,true,quiet,2026-07-10T17:36:00.000Z
2026-07-10T17:45:33Z,2026-07-10 18:45:33,940GZZLUTBC,Tooting Bec,0.229571,true,quiet,2026-07-10T17:36:00.000Z
2026-07-10T17:45:33Z,2026-07-10 18:45:33,940GZZLUBLM,Balham,0.387216,true,quiet,2026-07-10T17:36:00.000Z
2026-07-10T17:45:33Z,2026-07-10 18:45:33,940GZZLUCPS,Clapham South,0.064634,true,quiet,2026-07-10T17:36:00.000Z
2026-07-10T17:45:33Z,2026-07-10 18:45:33,940GZZLUCPC,Clapham Common,,true,none,2026-07-10T17:36:00.000Z
2026-07-10T17:45:33Z,2026-07-10 18:45:33,940GZZLUCPN,Clapham North,,true,none,2026-07-10T17:36:00.000Z
2026-07-10T17:50:54Z,2026-07-10 18:50:54,940GZZLUCSD,Colliers Wood,0.161260,true,quiet,2026-07-10T17:46:00.000Z
2026-07-10T17:50:54Z,2026-07-10 18:50:54,940GZZLUTBY,Tooting Broadway,0.340909,true,quiet,2026-07-10T17:46:00.000Z
2026-07-10T17:50:54Z,2026-07-10 18:50:54,940GZZLUTBC,Tooting Bec,0.209877,true,quiet,2026-07-10T17:46:00.000Z
2026-07-10T17:50:54Z,2026-07-10 18:50:54,940GZZLUBLM,Balham,0.361067,true,quiet,2026-07-10T17:46:00.000Z
2026-07-10T17:50:54Z,2026-07-10 18:50:54,940GZZLUCPS,Clapham South,0.057806,true,quiet,2026-07-10T17:46:00.000Z
2026-07-10T17:50:54Z,2026-07-10 18:50:54,940GZZLUCPC,Clapham Common,0.025708,true,quiet,2026-07-10T17:46:00.000Z
2026-07-10T17:50:54Z,2026-07-10 18:50:54,940GZZLUCPN,Clapham North,0.022065,true,quiet,2026-07-10T17:46:00.000Z
2026-07-10T17:55:30Z,2026-07-10 18:55:30,940GZZLUCSD,Colliers Wood,0.161260,true,quiet,2026-07-10T17:46:00.000Z
2026-07-10T17:55:30Z,2026-07-10 18:55:30,940GZZLUTBY,Tooting Broadway,0.340909,true,quiet,2026-07-10T17:46:00.000Z
2026-07-10T17:55:30Z,2026-07-10 18:55:30,940GZZLUTBC,Tooting Bec,0.209877,true,quiet,2026-07-10T17:46:00.000Z
2026-07-10T17:55:30Z,2026-07-10 18:55:30,940GZZLUBLM,Balham,0.361067,true,quiet,2026-07-10T17:46:00.000Z
2026-07-10T17:55:30Z,2026-07-10 18:55:30,940GZZLUCPS,Clapham South,0.057806,true,quiet,2026-07-10T17:46:00.000Z
2026-07-10T17:55:30Z,2026-07-10 18:55:30,940GZZLUCPC,Clapham Common,0.025708,true,quiet,2026-07-10T17:46:00.000Z
2026-07-10T17:55:30Z,2026-07-10 18:55:30,940GZZLUCPN,Clapham North,0.022065,true,quiet,2026-07-10T17:46:00.000Z
2026-07-13T06:01:10Z,2026-07-13 07:01:10,940GZZLUCSD,Colliers Wood,0.118165,true,quiet,2026-07-13T05:56:00.000Z
2026-07-13T06:01:10Z,2026-07-13 07:01:10,940GZZLUTBY,Tooting Broadway,0.085516,true,quiet,2026-07-13T05:56:00.000Z
2026-07-13T06:01:10Z,2026-07-13 07:01:10,940GZZLUTBC,Tooting Bec,0.058201,true,quiet,2026-07-13T05:56:00.000Z
2026-07-13T06:01:10Z,2026-07-13 07:01:10,940GZZLUBLM,Balham,0.151347,true,quiet,2026-07-13T05:56:00.000Z
2026-07-13T06:01:10Z,2026-07-13 07:01:10,940GZZLUCPS,Clapham South,0.066454,true,quiet,2026-07-13T05:56:00.000Z
2026-07-13T06:01:10Z,2026-07-13 07:01:10,940GZZLUCPC,Clapham Common,0.027986,true,quiet,2026-07-13T05:56:00.000Z
2026-07-13T06:01:10Z,2026-07-13 07:01:10,940GZZLUCPN,Clapham North,0.039276,true,quiet,2026-07-13T05:56:00.000Z
2026-07-13T06:05:29Z,2026-07-13 07:05:29,940GZZLUCSD,Colliers Wood,0.118165,true,quiet,2026-07-13T05:56:00.000Z
2026-07-13T06:05:29Z,2026-07-13 07:05:29,940GZZLUTBY,Tooting Broadway,0.085516,true,quiet,2026-07-13T05:56:00.000Z
2026-07-13T06:05:29Z,2026-07-13 07:05:29,940GZZLUTBC,Tooting Bec,0.058201,true,quiet,2026-07-13T05:56:00.000Z
2026-07-13T06:05:29Z,2026-07-13 07:05:29,940GZZLUBLM,Balham,0.151347,true,quiet,2026-07-13T05:56:00.000Z
2026-07-13T06:05:29Z,2026-07-13 07:05:29,940GZZLUCPS,Clapham South,0.066454,true,quiet,2026-07-13T05:56:00.000Z
2026-07-13T06:05:29Z,2026-07-13 07:05:29,940GZZLUCPC,Clapham Common,0.027986,true,quiet,2026-07-13T05:56:00.000Z
2026-07-13T06:05:29Z,2026-07-13 07:05:29,940GZZLUCPN,Clapham North,0.039276,true,quiet,2026-07-13T05:56:00.000Z
2026-07-13T06:10:52Z,2026-07-13 07:10:52,940GZZLUCSD,Colliers Wood,0.134384,true,quiet,2026-07-13T06:06:00.000Z
2026-07-13T06:10:52Z,2026-07-13 07:10:52,940GZZLUTBY,Tooting Broadway,,true,none,2026-07-13T06:06:00.000Z
2026-07-13T06:10:52Z,2026-07-13 07:10:52,940GZZLUTBC,Tooting Bec,,true,none,2026-07-13T06:06:00.000Z
2026-07-13T06:10:52Z,2026-07-13 07:10:52,940GZZLUBLM,Balham,0.169836,true,quiet,2026-07-13T06:06:00.000Z
2026-07-13T06:10:52Z,2026-07-13 07:10:52,940GZZLUCPS,Clapham South,0.065544,true,quiet,2026-07-13T06:06:00.000Z
2026-07-13T06:10:52Z,2026-07-13 07:10:52,940GZZLUCPC,Clapham Common,0.029287,true,quiet,2026-07-13T06:06:00.000Z
2026-07-13T06:10:52Z,2026-07-13 07:10:52,940GZZLUCPN,Clapham North,0.042365,true,quiet,2026-07-13T06:06:00.000Z
2026-07-13T06:15:34Z,2026-07-13 07:15:34,940GZZLUCSD,Colliers Wood,0.134384,true,quiet,2026-07-13T06:06:00.000Z
2026-07-13T06:15:34Z,2026-07-13 07:15:34,940GZZLUTBY,Tooting Broadway,,true,none,2026-07-13T06:06:00.000Z
2026-07-13T06:15:34Z,2026-07-13 07:15:34,940GZZLUTBC,Tooting Bec,,true,none,2026-07-13T06:06:00.000Z
2026-07-13T06:15:34Z,2026-07-13 07:15:34,940GZZLUBLM,Balham,0.169836,true,quiet,2026-07-13T06:06:00.000Z
2026-07-13T06:15:34Z,2026-07-13 07:15:34,940GZZLUCPS,Clapham South,0.065544,true,quiet,2026-07-13T06:06:00.000Z
2026-07-13T06:15:34Z,2026-07-13 07:15:34,940GZZLUCPC,Clapham Common,0.029287,true,quiet,2026-07-13T06:06:00.000Z
2026-07-13T06:15:34Z,2026-07-13 07:15:34,940GZZLUCPN,Clapham North,0.042365,true,quiet,2026-07-13T06:06:00.000Z
2026-07-13T06:20:57Z,2026-07-13 07:20:57,940GZZLUCSD,Colliers Wood,0.158943,true,quiet,2026-07-13T06:16:00.000Z
2026-07-13T06:20:57Z,2026-07-13 07:20:57,940GZZLUTBY,Tooting Broadway,,true,none,2026-07-13T06:16:00.000Z
2026-07-13T06:20:57Z,2026-07-13 07:20:57,940GZZLUTBC,Tooting Bec,,true,none,2026-07-13T06:16:00.000Z
2026-07-13T06:20:57Z,2026-07-13 07:20:57,940GZZLUBLM,Balham,0.216852,true,quiet,2026-07-13T06:16:00.000Z
2026-07-13T06:20:57Z,2026-07-13 07:20:57,940GZZLUCPS,Clapham South,0.070096,true,quiet,2026-07-13T06:16:00.000Z
2026-07-13T06:20:57Z,2026-07-13 07:20:57,940GZZLUCPC,Clapham Common,0.032541,true,quiet,2026-07-13T06:16:00.000Z
2026-07-13T06:20:57Z,2026-07-13 07:20:57,940GZZLUCPN,Clapham North,0.044572,true,quiet,2026-07-13T06:16:00.000Z
2026-07-13T06:25:28Z,2026-07-13 07:25:28,940GZZLUCSD,Colliers Wood,0.158943,true,quiet,2026-07-13T06:16:00.000Z
2026-07-13T06:25:28Z,2026-07-13 07:25:28,940GZZLUTBY,Tooting Broadway,,true,none,2026-07-13T06:16:00.000Z
2026-07-13T06:25:28Z,2026-07-13 07:25:28,940GZZLUTBC,Tooting Bec,,true,none,2026-07-13T06:16:00.000Z
2026-07-13T06:25:28Z,2026-07-13 07:25:28,940GZZLUBLM,Balham,0.216852,true,quiet,2026-07-13T06:16:00.000Z
2026-07-13T06:25:28Z,2026-07-13 07:25:28,940GZZLUCPS,Clapham South,0.070096,true,quiet,2026-07-13T06:16:00.000Z
2026-07-13T06:25:28Z,2026-07-13 07:25:28,940GZZLUCPC,Clapham Common,0.032541,true,quiet,2026-07-13T06:16:00.000Z
2026-07-13T06:25:28Z,2026-07-13 07:25:28,940GZZLUCPN,Clapham North,0.044572,true,quiet,2026-07-13T06:16:00.000Z
2026-07-13T06:31:08Z,2026-07-13 07:31:08,940GZZLUCSD,Colliers Wood,0.180259,true,quiet,2026-07-13T06:26:00.000Z
2026-07-13T06:31:08Z,2026-07-13 07:31:08,940GZZLUTBY,Tooting Broadway,,true,none,2026-07-13T06:26:00.000Z
2026-07-13T06:31:08Z,2026-07-13 07:31:08,940GZZLUTBC,Tooting Bec,,true,none,2026-07-13T06:26:00.000Z
2026-07-13T06:31:08Z,2026-07-13 07:31:08,940GZZLUBLM,Balham,0.261226,true,quiet,2026-07-13T06:26:00.000Z
2026-07-13T06:31:08Z,2026-07-13 07:31:08,940GZZLUCPS,Clapham South,0.072827,true,quiet,2026-07-13T06:26:00.000Z
2026-07-13T06:31:08Z,2026-07-13 07:31:08,940GZZLUCPC,Clapham Common,0.037097,true,quiet,2026-07-13T06:26:00.000Z
2026-07-13T06:31:08Z,2026-07-13 07:31:08,940GZZLUCPN,Clapham North,0.051192,true,quiet,2026-07-13T06:26:00.000Z
2026-07-13T06:35:31Z,2026-07-13 07:35:31,940GZZLUCSD,Colliers Wood,0.180259,true,quiet,2026-07-13T06:26:00.000Z
2026-07-13T06:35:31Z,2026-07-13 07:35:31,940GZZLUTBY,Tooting Broadway,,true,none,2026-07-13T06:26:00.000Z
2026-07-13T06:35:31Z,2026-07-13 07:35:31,940GZZLUTBC,Tooting Bec,,true,none,2026-07-13T06:26:00.000Z
2026-07-13T06:35:31Z,2026-07-13 07:35:31,940GZZLUBLM,Balham,0.261226,true,quiet,2026-07-13T06:26:00.000Z
2026-07-13T06:35:31Z,2026-07-13 07:35:31,940GZZLUCPS,Clapham South,0.072827,true,quiet,2026-07-13T06:26:00.000Z
2026-07-13T06:35:31Z,2026-07-13 07:35:31,940GZZLUCPC,Clapham Common,0.037097,true,quiet,2026-07-13T06:26:00.000Z
2026-07-13T06:35:31Z,2026-07-13 07:35:31,940GZZLUCPN,Clapham North,0.051192,true,quiet,2026-07-13T06:26:00.000Z
2026-07-13T06:40:57Z,2026-07-13 07:40:57,940GZZLUCSD,Colliers Wood,0.206673,true,quiet,2026-07-13T06:36:00.000Z
2026-07-13T06:40:57Z,2026-07-13 07:40:57,940GZZLUTBY,Tooting Broadway,,true,none,2026-07-13T06:26:00.000Z
2026-07-13T06:40:57Z,2026-07-13 07:40:57,940GZZLUTBC,Tooting Bec,,true,none,2026-07-13T06:26:00.000Z
2026-07-13T06:40:57Z,2026-07-13 07:40:57,940GZZLUBLM,Balham,0.338616,true,quiet,2026-07-13T06:36:00.000Z
2026-07-13T06:40:57Z,2026-07-13 07:40:57,940GZZLUCPS,Clapham South,0.071006,true,quiet,2026-07-13T06:36:00.000Z
2026-07-13T06:40:57Z,2026-07-13 07:40:57,940GZZLUCPC,Clapham Common,0.033843,true,quiet,2026-07-13T06:36:00.000Z
2026-07-13T06:40:57Z,2026-07-13 07:40:57,940GZZLUCPN,Clapham North,0.044131,true,quiet,2026-07-13T06:36:00.000Z
2026-07-13T06:45:36Z,2026-07-13 07:45:36,940GZZLUCSD,Colliers Wood,0.206673,true,quiet,2026-07-13T06:36:00.000Z
2026-07-13T06:45:36Z,2026-07-13 07:45:36,940GZZLUTBY,Tooting Broadway,,true,none,2026-07-13T06:26:00.000Z
2026-07-13T06:45:36Z,2026-07-13 07:45:36,940GZZLUTBC,Tooting Bec,,true,none,2026-07-13T06:26:00.000Z
2026-07-13T06:45:36Z,2026-07-13 07:45:36,940GZZLUBLM,Balham,0.338616,true,quiet,2026-07-13T06:36:00.000Z
2026-07-13T06:45:36Z,2026-07-13 07:45:36,940GZZLUCPS,Clapham South,0.071006,true,quiet,2026-07-13T06:36:00.000Z
2026-07-13T06:45:36Z,2026-07-13 07:45:36,940GZZLUCPC,Clapham Common,0.033843,true,quiet,2026-07-13T06:36:00.000Z
2026-07-13T06:45:36Z,2026-07-13 07:45:36,940GZZLUCPN,Clapham North,0.044131,true,quiet,2026-07-13T06:36:00.000Z
2026-07-13T06:50:58Z,2026-07-13 07:50:58,940GZZLUCSD,Colliers Wood,0.208990,true,quiet,2026-07-13T06:46:00.000Z
2026-07-13T06:50:58Z,2026-07-13 07:50:58,940GZZLUTBY,Tooting Broadway,,false,none,
2026-07-13T06:50:58Z,2026-07-13 07:50:58,940GZZLUTBC,Tooting Bec,,false,none,
2026-07-13T06:50:58Z,2026-07-13 07:50:58,940GZZLUBLM,Balham,0.402800,true,busy,2026-07-13T06:46:00.000Z
2026-07-13T06:50:58Z,2026-07-13 07:50:58,940GZZLUCPS,Clapham South,0.071916,true,quiet,2026-07-13T06:46:00.000Z
2026-07-13T06:50:58Z,2026-07-13 07:50:58,940GZZLUCPC,Clapham Common,0.029613,true,quiet,2026-07-13T06:46:00.000Z
2026-07-13T06:50:58Z,2026-07-13 07:50:58,940GZZLUCPN,Clapham North,0.041041,true,quiet,2026-07-13T06:46:00.000Z
2026-07-13T06:55:30Z,2026-07-13 07:55:30,940GZZLUCSD,Colliers Wood,0.208990,true,quiet,2026-07-13T06:46:00.000Z
2026-07-13T06:55:30Z,2026-07-13 07:55:30,940GZZLUTBY,Tooting Broadway,,false,none,
2026-07-13T06:55:30Z,2026-07-13 07:55:30,940GZZLUTBC,Tooting Bec,,false,none,
2026-07-13T06:55:30Z,2026-07-13 07:55:30,940GZZLUBLM,Balham,0.402800,true,busy,2026-07-13T06:46:00.000Z
2026-07-13T06:55:30Z,2026-07-13 07:55:30,940GZZLUCPS,Clapham South,0.071916,true,quiet,2026-07-13T06:46:00.000Z
2026-07-13T06:55:30Z,2026-07-13 07:55:30,940GZZLUCPC,Clapham Common,0.029613,true,quiet,2026-07-13T06:46:00.000Z
2026-07-13T06:55:30Z,2026-07-13 07:55:30,940GZZLUCPN,Clapham North,0.041041,true,quiet,2026-07-13T06:46:00.000Z
2026-07-13T07:01:13Z,2026-07-13 08:01:13,940GZZLUCSD,Colliers Wood,0.234013,true,quiet,2026-07-13T06:56:00.000Z
2026-07-13T07:01:13Z,2026-07-13 08:01:13,940GZZLUTBY,Tooting Broadway,,false,none,
2026-07-13T07:01:13Z,2026-07-13 08:01:13,940GZZLUTBC,Tooting Bec,,false,none,
2026-07-13T07:01:13Z,2026-07-13 08:01:13,940GZZLUBLM,Balham,0.462493,true,busy,2026-07-13T06:56:00.000Z
2026-07-13T07:01:13Z,2026-07-13 08:01:13,940GZZLUCPS,Clapham South,0.069185,true,quiet,2026-07-13T06:56:00.000Z
2026-07-13T07:01:13Z,2026-07-13 08:01:13,940GZZLUCPC,Clapham Common,0.026033,true,quiet,2026-07-13T06:56:00.000Z
2026-07-13T07:01:13Z,2026-07-13 08:01:13,940GZZLUCPN,Clapham North,0.030891,true,quiet,2026-07-13T06:56:00.000Z
2026-07-13T07:05:29Z,2026-07-13 08:05:29,940GZZLUCSD,Colliers Wood,0.234013,true,quiet,2026-07-13T06:56:00.000Z
2026-07-13T07:05:29Z,2026-07-13 08:05:29,940GZZLUTBY,Tooting Broadway,,false,none,
2026-07-13T07:05:29Z,2026-07-13 08:05:29,940GZZLUTBC,Tooting Bec,,false,none,
2026-07-13T07:05:29Z,2026-07-13 08:05:29,940GZZLUBLM,Balham,0.462493,true,busy,2026-07-13T06:56:00.000Z
2026-07-13T07:05:29Z,2026-07-13 08:05:29,940GZZLUCPS,Clapham South,0.069185,true,quiet,2026-07-13T06:56:00.000Z
2026-07-13T07:05:29Z,2026-07-13 08:05:29,940GZZLUCPC,Clapham Common,0.026033,true,quiet,2026-07-13T06:56:00.000Z
2026-07-13T07:05:29Z,2026-07-13 08:05:29,940GZZLUCPN,Clapham North,0.030891,true,quiet,2026-07-13T06:56:00.000Z
2026-07-13T07:10:55Z,2026-07-13 08:10:55,940GZZLUCSD,Colliers Wood,0.255792,true,quiet,2026-07-13T07:06:00.000Z
2026-07-13T07:10:55Z,2026-07-13 08:10:55,940GZZLUTBY,Tooting Broadway,,true,none,2026-07-13T07:06:00.000Z
2026-07-13T07:10:55Z,2026-07-13 08:10:55,940GZZLUTBC,Tooting Bec,,true,none,2026-07-13T07:06:00.000Z
2026-07-13T07:10:55Z,2026-07-13 08:10:55,940GZZLUBLM,Balham,0.491020,true,busy,2026-07-13T07:06:00.000Z
2026-07-13T07:10:55Z,2026-07-13 08:10:55,940GZZLUCPS,Clapham South,0.065089,true,quiet,2026-07-13T07:06:00.000Z
2026-07-13T07:10:55Z,2026-07-13 08:10:55,940GZZLUCPC,Clapham Common,0.036772,true,quiet,2026-07-13T07:06:00.000Z
2026-07-13T07:10:55Z,2026-07-13 08:10:55,940GZZLUCPN,Clapham North,0.037070,true,quiet,2026-07-13T07:06:00.000Z
2026-07-13T07:15:37Z,2026-07-13 08:15:37,940GZZLUCSD,Colliers Wood,0.255792,true,quiet,2026-07-13T07:06:00.000Z
2026-07-13T07:15:37Z,2026-07-13 08:15:37,940GZZLUTBY,Tooting Broadway,,true,none,2026-07-13T07:06:00.000Z
2026-07-13T07:15:37Z,2026-07-13 08:15:37,940GZZLUTBC,Tooting Bec,,true,none,2026-07-13T07:06:00.000Z
2026-07-13T07:15:37Z,2026-07-13 08:15:37,940GZZLUBLM,Balham,0.491020,true,busy,2026-07-13T07:06:00.000Z
2026-07-13T07:15:37Z,2026-07-13 08:15:37,940GZZLUCPS,Clapham South,0.065089,true,quiet,2026-07-13T07:06:00.000Z
2026-07-13T07:15:37Z,2026-07-13 08:15:37,940GZZLUCPC,Clapham Common,0.036772,true,quiet,2026-07-13T07:06:00.000Z
2026-07-13T07:15:37Z,2026-07-13 08:15:37,940GZZLUCPN,Clapham North,0.037070,true,quiet,2026-07-13T07:06:00.000Z
2026-07-13T07:20:55Z,2026-07-13 08:20:55,940GZZLUCSD,Colliers Wood,0.308156,true,quiet,2026-07-13T07:16:00.000Z
2026-07-13T07:20:55Z,2026-07-13 08:20:55,940GZZLUTBY,Tooting Broadway,0.301618,true,quiet,2026-07-13T07:16:00.000Z
2026-07-13T07:20:55Z,2026-07-13 08:20:55,940GZZLUTBC,Tooting Bec,0.195767,true,quiet,2026-07-13T07:16:00.000Z
2026-07-13T07:20:55Z,2026-07-13 08:20:55,940GZZLUBLM,Balham,0.541733,true,busy,2026-07-13T07:16:00.000Z
2026-07-13T07:20:55Z,2026-07-13 08:20:55,940GZZLUCPS,Clapham South,0.078744,true,quiet,2026-07-13T07:16:00.000Z
2026-07-13T07:20:55Z,2026-07-13 08:20:55,940GZZLUCPC,Clapham Common,0.037748,true,quiet,2026-07-13T07:16:00.000Z
2026-07-13T07:20:55Z,2026-07-13 08:20:55,940GZZLUCPN,Clapham North,0.038394,true,quiet,2026-07-13T07:16:00.000Z
2026-07-13T07:25:28Z,2026-07-13 08:25:28,940GZZLUCSD,Colliers Wood,0.308156,true,quiet,2026-07-13T07:16:00.000Z
2026-07-13T07:25:28Z,2026-07-13 08:25:28,940GZZLUTBY,Tooting Broadway,0.301618,true,quiet,2026-07-13T07:16:00.000Z
2026-07-13T07:25:28Z,2026-07-13 08:25:28,940GZZLUTBC,Tooting Bec,0.195767,true,quiet,2026-07-13T07:16:00.000Z
2026-07-13T07:25:28Z,2026-07-13 08:25:28,940GZZLUBLM,Balham,0.541733,true,busy,2026-07-13T07:16:00.000Z
2026-07-13T07:25:28Z,2026-07-13 08:25:28,940GZZLUCPS,Clapham South,0.078744,true,quiet,2026-07-13T07:16:00.000Z
2026-07-13T07:25:28Z,2026-07-13 08:25:28,940GZZLUCPC,Clapham Common,0.037748,true,quiet,2026-07-13T07:16:00.000Z
2026-07-13T07:25:28Z,2026-07-13 08:25:28,940GZZLUCPN,Clapham North,0.038394,true,quiet,2026-07-13T07:16:00.000Z
2026-07-13T07:31:06Z,2026-07-13 08:31:06,940GZZLUCSD,Colliers Wood,0.324838,true,quiet,2026-07-13T07:26:00.000Z
2026-07-13T07:31:06Z,2026-07-13 08:31:06,940GZZLUTBY,Tooting Broadway,0.481510,true,busy,2026-07-13T07:26:00.000Z
2026-07-13T07:31:06Z,2026-07-13 08:31:06,940GZZLUTBC,Tooting Bec,0.346267,true,quiet,2026-07-13T07:26:00.000Z
2026-07-13T07:31:06Z,2026-07-13 08:31:06,940GZZLUBLM,Balham,0.580824,true,busy,2026-07-13T07:26:00.000Z
2026-07-13T07:31:06Z,2026-07-13 08:31:06,940GZZLUCPS,Clapham South,0.069185,true,quiet,2026-07-13T07:26:00.000Z
2026-07-13T07:31:06Z,2026-07-13 08:31:06,940GZZLUCPC,Clapham Common,0.041979,true,quiet,2026-07-13T07:26:00.000Z
2026-07-13T07:31:06Z,2026-07-13 08:31:06,940GZZLUCPN,Clapham North,0.041924,true,quiet,2026-07-13T07:26:00.000Z
2026-07-13T07:35:28Z,2026-07-13 08:35:28,940GZZLUCSD,Colliers Wood,0.324838,true,quiet,2026-07-13T07:26:00.000Z
2026-07-13T07:35:28Z,2026-07-13 08:35:28,940GZZLUTBY,Tooting Broadway,0.481510,true,busy,2026-07-13T07:26:00.000Z
2026-07-13T07:35:28Z,2026-07-13 08:35:28,940GZZLUTBC,Tooting Bec,0.346267,true,quiet,2026-07-13T07:26:00.000Z
2026-07-13T07:35:28Z,2026-07-13 08:35:28,940GZZLUBLM,Balham,0.580824,true,busy,2026-07-13T07:26:00.000Z
2026-07-13T07:35:28Z,2026-07-13 08:35:28,940GZZLUCPS,Clapham South,0.069185,true,quiet,2026-07-13T07:26:00.000Z
2026-07-13T07:35:28Z,2026-07-13 08:35:28,940GZZLUCPC,Clapham Common,0.041979,true,quiet,2026-07-13T07:26:00.000Z
2026-07-13T07:35:28Z,2026-07-13 08:35:28,940GZZLUCPN,Clapham North,0.041924,true,quiet,2026-07-13T07:26:00.000Z
2026-07-13T07:40:59Z,2026-07-13 08:40:59,940GZZLUCSD,Colliers Wood,0.335959,true,quiet,2026-07-13T07:36:00.000Z
2026-07-13T07:40:59Z,2026-07-13 08:40:59,940GZZLUTBY,Tooting Broadway,0.645994,true,busy,2026-07-13T07:36:00.000Z
2026-07-13T07:40:59Z,2026-07-13 08:40:59,940GZZLUTBC,Tooting Bec,0.430335,true,busy,2026-07-13T07:36:00.000Z
2026-07-13T07:40:59Z,2026-07-13 08:40:59,940GZZLUBLM,Balham,0.634443,true,busy,2026-07-13T07:36:00.000Z
2026-07-13T07:40:59Z,2026-07-13 08:40:59,940GZZLUCPS,Clapham South,0.067820,true,quiet,2026-07-13T07:36:00.000Z
2026-07-13T07:40:59Z,2026-07-13 08:40:59,940GZZLUCPC,Clapham Common,,true,none,2026-07-13T07:36:00.000Z
2026-07-13T07:40:59Z,2026-07-13 08:40:59,940GZZLUCPN,Clapham North,,true,none,2026-07-13T07:36:00.000Z
2026-07-13T07:45:35Z,2026-07-13 08:45:35,940GZZLUCSD,Colliers Wood,0.335959,true,quiet,2026-07-13T07:36:00.000Z
2026-07-13T07:45:35Z,2026-07-13 08:45:35,940GZZLUTBY,Tooting Broadway,0.645994,true,busy,2026-07-13T07:36:00.000Z
2026-07-13T07:45:35Z,2026-07-13 08:45:35,940GZZLUTBC,Tooting Bec,0.430335,true,busy,2026-07-13T07:36:00.000Z
2026-07-13T07:45:35Z,2026-07-13 08:45:35,940GZZLUBLM,Balham,0.634443,true,busy,2026-07-13T07:36:00.000Z
2026-07-13T07:45:35Z,2026-07-13 08:45:35,940GZZLUCPS,Clapham South,0.067820,true,quiet,2026-07-13T07:36:00.000Z
2026-07-13T07:45:35Z,2026-07-13 08:45:35,940GZZLUCPC,Clapham Common,,true,none,2026-07-13T07:36:00.000Z
2026-07-13T07:45:35Z,2026-07-13 08:45:35,940GZZLUCPN,Clapham North,,true,none,2026-07-13T07:36:00.000Z
2026-07-13T07:50:57Z,2026-07-13 08:50:57,940GZZLUCSD,Colliers Wood,0.287303,true,quiet,2026-07-13T07:46:00.000Z
2026-07-13T07:50:57Z,2026-07-13 08:50:57,940GZZLUTBY,Tooting Broadway,0.588213,true,busy,2026-07-13T07:46:00.000Z
2026-07-13T07:50:57Z,2026-07-13 08:50:57,940GZZLUTBC,Tooting Bec,0.380071,true,quiet,2026-07-13T07:46:00.000Z
2026-07-13T07:50:57Z,2026-07-13 08:50:57,940GZZLUBLM,Balham,0.572108,true,busy,2026-07-13T07:46:00.000Z
2026-07-13T07:50:57Z,2026-07-13 08:50:57,940GZZLUCPS,Clapham South,0.057806,true,quiet,2026-07-13T07:46:00.000Z
2026-07-13T07:50:57Z,2026-07-13 08:50:57,940GZZLUCPC,Clapham Common,0.020501,true,quiet,2026-07-13T07:46:00.000Z
2026-07-13T07:50:57Z,2026-07-13 08:50:57,940GZZLUCPN,Clapham North,0.015446,true,quiet,2026-07-13T07:46:00.000Z
2026-07-13T07:55:28Z,2026-07-13 08:55:28,940GZZLUCSD,Colliers Wood,0.287303,true,quiet,2026-07-13T07:46:00.000Z
2026-07-13T07:55:28Z,2026-07-13 08:55:28,940GZZLUTBY,Tooting Broadway,0.588213,true,busy,2026-07-13T07:46:00.000Z
2026-07-13T07:55:28Z,2026-07-13 08:55:28,940GZZLUTBC,Tooting Bec,0.380071,true,quiet,2026-07-13T07:46:00.000Z
2026-07-13T07:55:28Z,2026-07-13 08:55:28,940GZZLUBLM,Balham,0.572108,true,busy,2026-07-13T07:46:00.000Z
2026-07-13T07:55:28Z,2026-07-13 08:55:28,940GZZLUCPS,Clapham South,0.057806,true,quiet,2026-07-13T07:46:00.000Z
2026-07-13T07:55:28Z,2026-07-13 08:55:28,940GZZLUCPC,Clapham Common,0.020501,true,quiet,2026-07-13T07:46:00.000Z
2026-07-13T07:55:28Z,2026-07-13 08:55:28,940GZZLUCPN,Clapham North,0.015446,true,quiet,2026-07-13T07:46:00.000Z
2026-07-13T08:01:15Z,2026-07-13 09:01:15,940GZZLUCSD,Colliers Wood,0.272011,true,quiet,2026-07-13T07:56:00.000Z
2026-07-13T08:01:15Z,2026-07-13 09:01:15,940GZZLUTBY,Tooting Broadway,0.537365,true,busy,2026-07-13T07:56:00.000Z
2026-07-13T08:01:15Z,2026-07-13 09:01:15,940GZZLUTBC,Tooting Bec,0.235744,true,quiet,2026-07-13T07:56:00.000Z
2026-07-13T08:01:15Z,2026-07-13 09:01:15,940GZZLUBLM,Balham,0.532224,true,busy,2026-07-13T07:56:00.000Z
2026-07-13T08:01:15Z,2026-07-13 09:01:15,940GZZLUCPS,Clapham South,0.061447,true,quiet,2026-07-13T07:56:00.000Z
2026-07-13T08:01:15Z,2026-07-13 09:01:15,940GZZLUCPC,Clapham Common,0.014644,true,quiet,2026-07-13T07:56:00.000Z
2026-07-13T08:01:15Z,2026-07-13 09:01:15,940GZZLUCPN,Clapham North,0.010591,true,quiet,2026-07-13T07:56:00.000Z
2026-07-13T08:05:29Z,2026-07-13 09:05:29,940GZZLUCSD,Colliers Wood,0.272011,true,quiet,2026-07-13T07:56:00.000Z
2026-07-13T08:05:29Z,2026-07-13 09:05:29,940GZZLUTBY,Tooting Broadway,0.537365,true,busy,2026-07-13T07:56:00.000Z
2026-07-13T08:05:29Z,2026-07-13 09:05:29,940GZZLUTBC,Tooting Bec,0.235744,true,quiet,2026-07-13T07:56:00.000Z
2026-07-13T08:05:29Z,2026-07-13 09:05:29,940GZZLUBLM,Balham,0.532224,true,busy,2026-07-13T07:56:00.000Z
2026-07-13T08:05:29Z,2026-07-13 09:05:29,940GZZLUCPS,Clapham South,0.061447,true,quiet,2026-07-13T07:56:00.000Z
2026-07-13T08:05:29Z,2026-07-13 09:05:29,940GZZLUCPC,Clapham Common,0.014644,true,quiet,2026-07-13T07:56:00.000Z
2026-07-13T08:05:29Z,2026-07-13 09:05:29,940GZZLUCPN,Clapham North,0.010591,true,quiet,2026-07-13T07:56:00.000Z
2026-07-13T08:10:57Z,2026-07-13 09:10:57,940GZZLUCSD,Colliers Wood,0.234940,true,quiet,2026-07-13T08:06:00.000Z
2026-07-13T08:10:57Z,2026-07-13 09:10:57,940GZZLUTBY,Tooting Broadway,0.466102,true,busy,2026-07-13T08:06:00.000Z
2026-07-13T08:10:57Z,2026-07-13 09:10:57,940GZZLUTBC,Tooting Bec,0.186655,true,quiet,2026-07-13T08:06:00.000Z
2026-07-13T08:10:57Z,2026-07-13 09:10:57,940GZZLUBLM,Balham,0.423930,true,busy,2026-07-13T08:06:00.000Z
2026-07-13T08:10:57Z,2026-07-13 09:10:57,940GZZLUCPS,Clapham South,0.060082,true,quiet,2026-07-13T08:06:00.000Z
2026-07-13T08:10:57Z,2026-07-13 09:10:57,940GZZLUCPC,Clapham Common,0.017572,true,quiet,2026-07-13T08:06:00.000Z
2026-07-13T08:10:57Z,2026-07-13 09:10:57,940GZZLUCPN,Clapham North,0.012798,true,quiet,2026-07-13T08:06:00.000Z
2026-07-13T08:15:35Z,2026-07-13 09:15:35,940GZZLUCSD,Colliers Wood,0.234940,true,quiet,2026-07-13T08:06:00.000Z
2026-07-13T08:15:35Z,2026-07-13 09:15:35,940GZZLUTBY,Tooting Broadway,0.466102,true,busy,2026-07-13T08:06:00.000Z
2026-07-13T08:15:35Z,2026-07-13 09:15:35,940GZZLUTBC,Tooting Bec,0.186655,true,quiet,2026-07-13T08:06:00.000Z
2026-07-13T08:15:35Z,2026-07-13 09:15:35,940GZZLUBLM,Balham,0.423930,true,busy,2026-07-13T08:06:00.000Z
2026-07-13T08:15:35Z,2026-07-13 09:15:35,940GZZLUCPS,Clapham South,0.060082,true,quiet,2026-07-13T08:06:00.000Z
2026-07-13T08:15:35Z,2026-07-13 09:15:35,940GZZLUCPC,Clapham Common,0.017572,true,quiet,2026-07-13T08:06:00.000Z
2026-07-13T08:15:35Z,2026-07-13 09:15:35,940GZZLUCPN,Clapham North,0.012798,true,quiet,2026-07-13T08:06:00.000Z
2026-07-13T08:20:58Z,2026-07-13 09:20:58,940GZZLUCSD,Colliers Wood,0.226599,true,quiet,2026-07-13T08:16:00.000Z
2026-07-13T08:20:58Z,2026-07-13 09:20:58,940GZZLUTBY,Tooting Broadway,0.414869,true,busy,2026-07-13T08:16:00.000Z
2026-07-13T08:20:58Z,2026-07-13 09:20:58,940GZZLUTBC,Tooting Bec,0.161670,true,quiet,2026-07-13T08:16:00.000Z
2026-07-13T08:20:58Z,2026-07-13 09:20:58,940GZZLUBLM,Balham,0.402272,true,busy,2026-07-13T08:16:00.000Z
2026-07-13T08:20:58Z,2026-07-13 09:20:58,940GZZLUCPS,Clapham South,0.060537,true,quiet,2026-07-13T08:16:00.000Z
2026-07-13T08:20:58Z,2026-07-13 09:20:58,940GZZLUCPC,Clapham Common,,true,none,2026-07-13T08:16:00.000Z
2026-07-13T08:20:58Z,2026-07-13 09:20:58,940GZZLUCPN,Clapham North,,true,none,2026-07-13T08:16:00.000Z
2026-07-13T08:25:27Z,2026-07-13 09:25:27,940GZZLUCSD,Colliers Wood,0.226599,true,quiet,2026-07-13T08:16:00.000Z
2026-07-13T08:25:27Z,2026-07-13 09:25:27,940GZZLUTBY,Tooting Broadway,0.414869,true,busy,2026-07-13T08:16:00.000Z
2026-07-13T08:25:27Z,2026-07-13 09:25:27,940GZZLUTBC,Tooting Bec,0.161670,true,quiet,2026-07-13T08:16:00.000Z
2026-07-13T08:25:27Z,2026-07-13 09:25:27,940GZZLUBLM,Balham,0.402272,true,busy,2026-07-13T08:16:00.000Z
2026-07-13T08:25:27Z,2026-07-13 09:25:27,940GZZLUCPS,Clapham South,0.060537,true,quiet,2026-07-13T08:16:00.000Z
2026-07-13T08:25:27Z,2026-07-13 09:25:27,940GZZLUCPC,Clapham Common,,true,none,2026-07-13T08:16:00.000Z
2026-07-13T08:25:27Z,2026-07-13 09:25:27,940GZZLUCPN,Clapham North,,true,none,2026-07-13T08:16:00.000Z
2026-07-13T15:31:13Z,2026-07-13 16:31:13,940GZZLUCSD,Colliers Wood,0.101483,true,quiet,2026-07-13T15:26:00.000Z
2026-07-13T15:31:13Z,2026-07-13 16:31:13,940GZZLUTBY,Tooting Broadway,,false,none,
2026-07-13T15:31:13Z,2026-07-13 16:31:13,940GZZLUTBC,Tooting Bec,,false,none,
2026-07-13T15:31:13Z,2026-07-13 16:31:13,940GZZLUBLM,Balham,0.183571,true,quiet,2026-07-13T15:26:00.000Z
2026-07-13T15:31:13Z,2026-07-13 16:31:13,940GZZLUCPS,Clapham South,0.042786,true,quiet,2026-07-13T15:26:00.000Z
2026-07-13T15:31:13Z,2026-07-13 16:31:13,940GZZLUCPC,Clapham Common,0.025382,true,quiet,2026-07-13T15:26:00.000Z
2026-07-13T15:31:13Z,2026-07-13 16:31:13,940GZZLUCPN,Clapham North,0.016770,true,quiet,2026-07-13T15:26:00.000Z
2026-07-13T15:35:27Z,2026-07-13 16:35:27,940GZZLUCSD,Colliers Wood,0.101483,true,quiet,2026-07-13T15:26:00.000Z
2026-07-13T15:35:27Z,2026-07-13 16:35:27,940GZZLUTBY,Tooting Broadway,,false,none,
2026-07-13T15:35:27Z,2026-07-13 16:35:27,940GZZLUTBC,Tooting Bec,,false,none,
2026-07-13T15:35:27Z,2026-07-13 16:35:27,940GZZLUBLM,Balham,0.183571,true,quiet,2026-07-13T15:26:00.000Z
2026-07-13T15:35:27Z,2026-07-13 16:35:27,940GZZLUCPS,Clapham South,0.042786,true,quiet,2026-07-13T15:26:00.000Z
2026-07-13T15:35:27Z,2026-07-13 16:35:27,940GZZLUCPC,Clapham Common,0.025382,true,quiet,2026-07-13T15:26:00.000Z
2026-07-13T15:35:27Z,2026-07-13 16:35:27,940GZZLUCPN,Clapham North,0.016770,true,quiet,2026-07-13T15:26:00.000Z
2026-07-13T15:41:03Z,2026-07-13 16:41:03,940GZZLUCSD,Colliers Wood,0.119092,true,quiet,2026-07-13T15:36:00.000Z
2026-07-13T15:41:03Z,2026-07-13 16:41:03,940GZZLUTBY,Tooting Broadway,,false,none,
2026-07-13T15:41:03Z,2026-07-13 16:41:03,940GZZLUTBC,Tooting Bec,,false,none,
2026-07-13T15:41:03Z,2026-07-13 16:41:03,940GZZLUBLM,Balham,0.206286,true,quiet,2026-07-13T15:36:00.000Z
2026-07-13T15:41:03Z,2026-07-13 16:41:03,940GZZLUCPS,Clapham South,0.043696,true,quiet,2026-07-13T15:36:00.000Z
2026-07-13T15:41:03Z,2026-07-13 16:41:03,940GZZLUCPC,Clapham Common,0.027986,true,quiet,2026-07-13T15:36:00.000Z
2026-07-13T15:41:03Z,2026-07-13 16:41:03,940GZZLUCPN,Clapham North,0.021183,true,quiet,2026-07-13T15:36:00.000Z
2026-07-13T15:45:31Z,2026-07-13 16:45:31,940GZZLUCSD,Colliers Wood,0.119092,true,quiet,2026-07-13T15:36:00.000Z
2026-07-13T15:45:31Z,2026-07-13 16:45:31,940GZZLUTBY,Tooting Broadway,,false,none,
2026-07-13T15:45:31Z,2026-07-13 16:45:31,940GZZLUTBC,Tooting Bec,,false,none,
2026-07-13T15:45:31Z,2026-07-13 16:45:31,940GZZLUBLM,Balham,0.206286,true,quiet,2026-07-13T15:36:00.000Z
2026-07-13T15:45:31Z,2026-07-13 16:45:31,940GZZLUCPS,Clapham South,0.043696,true,quiet,2026-07-13T15:36:00.000Z
2026-07-13T15:45:31Z,2026-07-13 16:45:31,940GZZLUCPC,Clapham Common,0.027986,true,quiet,2026-07-13T15:36:00.000Z
2026-07-13T15:45:31Z,2026-07-13 16:45:31,940GZZLUCPN,Clapham North,0.021183,true,quiet,2026-07-13T15:36:00.000Z
2026-07-13T15:50:57Z,2026-07-13 16:50:57,940GZZLUCSD,Colliers Wood,0.116311,true,quiet,2026-07-13T15:46:00.000Z
2026-07-13T15:50:57Z,2026-07-13 16:50:57,940GZZLUTBY,Tooting Broadway,,false,none,
2026-07-13T15:50:57Z,2026-07-13 16:50:57,940GZZLUTBC,Tooting Bec,,false,none,
2026-07-13T15:50:57Z,2026-07-13 16:50:57,940GZZLUBLM,Balham,0.210777,true,quiet,2026-07-13T15:46:00.000Z
2026-07-13T15:50:57Z,2026-07-13 16:50:57,940GZZLUCPS,Clapham South,0.048248,true,quiet,2026-07-13T15:46:00.000Z
2026-07-13T15:50:57Z,2026-07-13 16:50:57,940GZZLUCPC,Clapham Common,0.024081,true,quiet,2026-07-13T15:46:00.000Z
2026-07-13T15:50:57Z,2026-07-13 16:50:57,940GZZLUCPN,Clapham North,0.024272,true,quiet,2026-07-13T15:46:00.000Z
2026-07-13T15:55:26Z,2026-07-13 16:55:26,940GZZLUCSD,Colliers Wood,0.116311,true,quiet,2026-07-13T15:46:00.000Z
2026-07-13T15:55:26Z,2026-07-13 16:55:26,940GZZLUTBY,Tooting Broadway,,false,none,
2026-07-13T15:55:26Z,2026-07-13 16:55:26,940GZZLUTBC,Tooting Bec,,false,none,
2026-07-13T15:55:26Z,2026-07-13 16:55:26,940GZZLUBLM,Balham,0.210777,true,quiet,2026-07-13T15:46:00.000Z
2026-07-13T15:55:26Z,2026-07-13 16:55:26,940GZZLUCPS,Clapham South,0.048248,true,quiet,2026-07-13T15:46:00.000Z
2026-07-13T15:55:26Z,2026-07-13 16:55:26,940GZZLUCPC,Clapham Common,0.024081,true,quiet,2026-07-13T15:46:00.000Z
2026-07-13T15:55:26Z,2026-07-13 16:55:26,940GZZLUCPN,Clapham North,0.024272,true,quiet,2026-07-13T15:46:00.000Z
2026-07-13T16:01:16Z,2026-07-13 17:01:16,940GZZLUCSD,Colliers Wood,0.119092,true,quiet,2026-07-13T15:56:00.000Z
2026-07-13T16:01:16Z,2026-07-13 17:01:16,940GZZLUTBY,Tooting Broadway,,false,none,
2026-07-13T16:01:16Z,2026-07-13 17:01:16,940GZZLUTBC,Tooting Bec,,false,none,
2026-07-13T16:01:16Z,2026-07-13 17:01:16,940GZZLUBLM,Balham,0.249076,true,quiet,2026-07-13T15:56:00.000Z
2026-07-13T16:01:16Z,2026-07-13 17:01:16,940GZZLUCPS,Clapham South,0.041875,true,quiet,2026-07-13T15:56:00.000Z
2026-07-13T16:01:16Z,2026-07-13 17:01:16,940GZZLUCPC,Clapham Common,0.026684,true,quiet,2026-07-13T15:56:00.000Z
2026-07-13T16:01:16Z,2026-07-13 17:01:16,940GZZLUCPN,Clapham North,0.025596,true,quiet,2026-07-13T15:56:00.000Z
2026-07-13T16:05:28Z,2026-07-13 17:05:28,940GZZLUCSD,Colliers Wood,0.119092,true,quiet,2026-07-13T15:56:00.000Z
2026-07-13T16:05:28Z,2026-07-13 17:05:28,940GZZLUTBY,Tooting Broadway,,false,none,
2026-07-13T16:05:28Z,2026-07-13 17:05:28,940GZZLUTBC,Tooting Bec,,false,none,
2026-07-13T16:05:28Z,2026-07-13 17:05:28,940GZZLUBLM,Balham,0.249076,true,quiet,2026-07-13T15:56:00.000Z
2026-07-13T16:05:28Z,2026-07-13 17:05:28,940GZZLUCPS,Clapham South,0.041875,true,quiet,2026-07-13T15:56:00.000Z
2026-07-13T16:05:28Z,2026-07-13 17:05:28,940GZZLUCPC,Clapham Common,0.026684,true,quiet,2026-07-13T15:56:00.000Z
2026-07-13T16:05:28Z,2026-07-13 17:05:28,940GZZLUCPN,Clapham North,0.025596,true,quiet,2026-07-13T15:56:00.000Z
2026-07-13T16:10:58Z,2026-07-13 17:10:58,940GZZLUCSD,Colliers Wood,0.123726,true,quiet,2026-07-13T16:06:00.000Z
2026-07-13T16:10:58Z,2026-07-13 17:10:58,940GZZLUTBY,Tooting Broadway,,false,none,
2026-07-13T16:10:58Z,2026-07-13 17:10:58,940GZZLUTBC,Tooting Bec,,false,none,
2026-07-13T16:10:58Z,2026-07-13 17:10:58,940GZZLUBLM,Balham,0.229266,true,quiet,2026-07-13T16:06:00.000Z
2026-07-13T16:10:58Z,2026-07-13 17:10:58,940GZZLUCPS,Clapham South,0.035958,true,quiet,2026-07-13T16:06:00.000Z
2026-07-13T16:10:58Z,2026-07-13 17:10:58,940GZZLUCPC,Clapham Common,0.028311,true,quiet,2026-07-13T16:06:00.000Z
2026-07-13T16:10:58Z,2026-07-13 17:10:58,940GZZLUCPN,Clapham North,0.027361,true,quiet,2026-07-13T16:06:00.000Z
2026-07-13T16:15:32Z,2026-07-13 17:15:32,940GZZLUCSD,Colliers Wood,0.123726,true,quiet,2026-07-13T16:06:00.000Z
2026-07-13T16:15:32Z,2026-07-13 17:15:32,940GZZLUTBY,Tooting Broadway,,false,none,
2026-07-13T16:15:32Z,2026-07-13 17:15:32,940GZZLUTBC,Tooting Bec,,false,none,
2026-07-13T16:15:32Z,2026-07-13 17:15:32,940GZZLUBLM,Balham,0.229266,true,quiet,2026-07-13T16:06:00.000Z
2026-07-13T16:15:32Z,2026-07-13 17:15:32,940GZZLUCPS,Clapham South,0.035958,true,quiet,2026-07-13T16:06:00.000Z
2026-07-13T16:15:32Z,2026-07-13 17:15:32,940GZZLUCPC,Clapham Common,0.028311,true,quiet,2026-07-13T16:06:00.000Z
2026-07-13T16:15:32Z,2026-07-13 17:15:32,940GZZLUCPN,Clapham North,0.027361,true,quiet,2026-07-13T16:06:00.000Z
2026-07-13T16:20:56Z,2026-07-13 17:20:56,940GZZLUCSD,Colliers Wood,0.144578,true,quiet,2026-07-13T16:16:00.000Z
2026-07-13T16:20:56Z,2026-07-13 17:20:56,940GZZLUTBY,Tooting Broadway,,false,none,
2026-07-13T16:20:56Z,2026-07-13 17:20:56,940GZZLUTBC,Tooting Bec,,false,none,
2026-07-13T16:20:56Z,2026-07-13 17:20:56,940GZZLUBLM,Balham,0.274696,true,quiet,2026-07-13T16:16:00.000Z
2026-07-13T16:20:56Z,2026-07-13 17:20:56,940GZZLUCPS,Clapham South,0.037779,true,quiet,2026-07-13T16:16:00.000Z
2026-07-13T16:20:56Z,2026-07-13 17:20:56,940GZZLUCPC,Clapham Common,0.029938,true,quiet,2026-07-13T16:16:00.000Z
2026-07-13T16:20:56Z,2026-07-13 17:20:56,940GZZLUCPN,Clapham North,0.023831,true,quiet,2026-07-13T16:16:00.000Z
2026-07-13T16:25:29Z,2026-07-13 17:25:29,940GZZLUCSD,Colliers Wood,0.144578,true,quiet,2026-07-13T16:16:00.000Z
2026-07-13T16:25:29Z,2026-07-13 17:25:29,940GZZLUTBY,Tooting Broadway,,false,none,
2026-07-13T16:25:29Z,2026-07-13 17:25:29,940GZZLUTBC,Tooting Bec,,false,none,
2026-07-13T16:25:29Z,2026-07-13 17:25:29,940GZZLUBLM,Balham,0.274696,true,quiet,2026-07-13T16:16:00.000Z
2026-07-13T16:25:29Z,2026-07-13 17:25:29,940GZZLUCPS,Clapham South,0.037779,true,quiet,2026-07-13T16:16:00.000Z
2026-07-13T16:25:29Z,2026-07-13 17:25:29,940GZZLUCPC,Clapham Common,0.029938,true,quiet,2026-07-13T16:16:00.000Z
2026-07-13T16:25:29Z,2026-07-13 17:25:29,940GZZLUCPN,Clapham North,0.023831,true,quiet,2026-07-13T16:16:00.000Z
2026-07-13T16:31:10Z,2026-07-13 17:31:10,940GZZLUCSD,Colliers Wood,0.152919,true,quiet,2026-07-13T16:26:00.000Z
2026-07-13T16:31:10Z,2026-07-13 17:31:10,940GZZLUTBY,Tooting Broadway,0.080508,true,quiet,2026-07-13T16:26:00.000Z
2026-07-13T16:31:10Z,2026-07-13 17:31:10,940GZZLUTBC,Tooting Bec,0.045855,true,quiet,2026-07-13T16:26:00.000Z
2026-07-13T16:31:10Z,2026-07-13 17:31:10,940GZZLUBLM,Balham,0.269942,true,quiet,2026-07-13T16:26:00.000Z
2026-07-13T16:31:10Z,2026-07-13 17:31:10,940GZZLUCPS,Clapham South,0.037779,true,quiet,2026-07-13T16:26:00.000Z
2026-07-13T16:31:10Z,2026-07-13 17:31:10,940GZZLUCPC,Clapham Common,0.034819,true,quiet,2026-07-13T16:26:00.000Z
2026-07-13T16:31:10Z,2026-07-13 17:31:10,940GZZLUCPN,Clapham North,0.025154,true,quiet,2026-07-13T16:26:00.000Z
2026-07-13T16:35:31Z,2026-07-13 17:35:31,940GZZLUCSD,Colliers Wood,0.152919,true,quiet,2026-07-13T16:26:00.000Z
2026-07-13T16:35:31Z,2026-07-13 17:35:31,940GZZLUTBY,Tooting Broadway,0.080508,true,quiet,2026-07-13T16:26:00.000Z
2026-07-13T16:35:31Z,2026-07-13 17:35:31,940GZZLUTBC,Tooting Bec,0.045855,true,quiet,2026-07-13T16:26:00.000Z
2026-07-13T16:35:31Z,2026-07-13 17:35:31,940GZZLUBLM,Balham,0.269942,true,quiet,2026-07-13T16:26:00.000Z
2026-07-13T16:35:31Z,2026-07-13 17:35:31,940GZZLUCPS,Clapham South,0.037779,true,quiet,2026-07-13T16:26:00.000Z
2026-07-13T16:35:31Z,2026-07-13 17:35:31,940GZZLUCPC,Clapham Common,0.034819,true,quiet,2026-07-13T16:26:00.000Z
2026-07-13T16:35:31Z,2026-07-13 17:35:31,940GZZLUCPN,Clapham North,0.025154,true,quiet,2026-07-13T16:26:00.000Z
2026-07-13T16:41:03Z,2026-07-13 17:41:03,940GZZLUCSD,Colliers Wood,0.152919,true,quiet,2026-07-13T16:36:00.000Z
2026-07-13T16:41:03Z,2026-07-13 17:41:03,940GZZLUTBY,Tooting Broadway,0.211094,true,quiet,2026-07-13T16:36:00.000Z
2026-07-13T16:41:03Z,2026-07-13 17:41:03,940GZZLUTBC,Tooting Bec,0.123457,true,quiet,2026-07-13T16:36:00.000Z
2026-07-13T16:41:03Z,2026-07-13 17:41:03,940GZZLUBLM,Balham,0.349709,true,quiet,2026-07-13T16:36:00.000Z
2026-07-13T16:41:03Z,2026-07-13 17:41:03,940GZZLUCPS,Clapham South,0.041420,true,quiet,2026-07-13T16:36:00.000Z
2026-07-13T16:41:03Z,2026-07-13 17:41:03,940GZZLUCPC,Clapham Common,0.034819,true,quiet,2026-07-13T16:36:00.000Z
2026-07-13T16:41:03Z,2026-07-13 17:41:03,940GZZLUCPN,Clapham North,0.021624,true,quiet,2026-07-13T16:36:00.000Z
2026-07-13T16:45:34Z,2026-07-13 17:45:34,940GZZLUCSD,Colliers Wood,0.152919,true,quiet,2026-07-13T16:36:00.000Z
2026-07-13T16:45:34Z,2026-07-13 17:45:34,940GZZLUTBY,Tooting Broadway,0.211094,true,quiet,2026-07-13T16:36:00.000Z
2026-07-13T16:45:34Z,2026-07-13 17:45:34,940GZZLUTBC,Tooting Bec,0.123457,true,quiet,2026-07-13T16:36:00.000Z
2026-07-13T16:45:34Z,2026-07-13 17:45:34,940GZZLUBLM,Balham,0.349709,true,quiet,2026-07-13T16:36:00.000Z
2026-07-13T16:45:34Z,2026-07-13 17:45:34,940GZZLUCPS,Clapham South,0.041420,true,quiet,2026-07-13T16:36:00.000Z
2026-07-13T16:45:34Z,2026-07-13 17:45:34,940GZZLUCPC,Clapham Common,0.034819,true,quiet,2026-07-13T16:36:00.000Z
2026-07-13T16:45:34Z,2026-07-13 17:45:34,940GZZLUCPN,Clapham North,0.021624,true,quiet,2026-07-13T16:36:00.000Z
2026-07-13T16:50:56Z,2026-07-13 17:50:56,940GZZLUCSD,Colliers Wood,,true,none,2026-07-13T16:46:00.000Z
2026-07-13T16:50:56Z,2026-07-13 17:50:56,940GZZLUTBY,Tooting Broadway,0.332820,true,quiet,2026-07-13T16:46:00.000Z
2026-07-13T16:50:56Z,2026-07-13 17:50:56,940GZZLUTBC,Tooting Bec,,true,none,2026-07-13T16:46:00.000Z
2026-07-13T16:50:56Z,2026-07-13 17:50:56,940GZZLUBLM,Balham,0.397781,true,quiet,2026-07-13T16:46:00.000Z
2026-07-13T16:50:56Z,2026-07-13 17:50:56,940GZZLUCPS,Clapham South,0.047792,true,quiet,2026-07-13T16:46:00.000Z
2026-07-13T16:50:56Z,2026-07-13 17:50:56,940GZZLUCPC,Clapham Common,0.036772,true,quiet,2026-07-13T16:46:00.000Z
2026-07-13T16:50:56Z,2026-07-13 17:50:56,940GZZLUCPN,Clapham North,0.025154,true,quiet,2026-07-13T16:46:00.000Z
2026-07-13T16:55:29Z,2026-07-13 17:55:29,940GZZLUCSD,Colliers Wood,,true,none,2026-07-13T16:46:00.000Z
2026-07-13T16:55:29Z,2026-07-13 17:55:29,940GZZLUTBY,Tooting Broadway,0.332820,true,quiet,2026-07-13T16:46:00.000Z
2026-07-13T16:55:29Z,2026-07-13 17:55:29,940GZZLUTBC,Tooting Bec,,true,none,2026-07-13T16:46:00.000Z
2026-07-13T16:55:29Z,2026-07-13 17:55:29,940GZZLUBLM,Balham,0.397781,true,quiet,2026-07-13T16:46:00.000Z
2026-07-13T16:55:29Z,2026-07-13 17:55:29,940GZZLUCPS,Clapham South,0.047792,true,quiet,2026-07-13T16:46:00.000Z
2026-07-13T16:55:29Z,2026-07-13 17:55:29,940GZZLUCPC,Clapham Common,0.036772,true,quiet,2026-07-13T16:46:00.000Z
2026-07-13T16:55:29Z,2026-07-13 17:55:29,940GZZLUCPN,Clapham North,0.025154,true,quiet,2026-07-13T16:46:00.000Z
2026-07-13T17:01:15Z,2026-07-13 18:01:15,940GZZLUCSD,Colliers Wood,0.063948,true,quiet,2026-07-13T16:56:00.000Z
2026-07-13T17:01:15Z,2026-07-13 18:01:15,940GZZLUTBY,Tooting Broadway,0.454160,true,busy,2026-07-13T16:56:00.000Z
2026-07-13T17:01:15Z,2026-07-13 18:01:15,940GZZLUTBC,Tooting Bec,,true,none,2026-07-13T16:56:00.000Z
2026-07-13T17:01:15Z,2026-07-13 18:01:15,940GZZLUBLM,Balham,0.423402,true,busy,2026-07-13T16:56:00.000Z
2026-07-13T17:01:15Z,2026-07-13 18:01:15,940GZZLUCPS,Clapham South,0.055530,true,quiet,2026-07-13T16:56:00.000Z
2026-07-13T17:01:15Z,2026-07-13 18:01:15,940GZZLUCPC,Clapham Common,0.034494,true,quiet,2026-07-13T16:56:00.000Z
2026-07-13T17:01:15Z,2026-07-13 18:01:15,940GZZLUCPN,Clapham North,0.031333,true,quiet,2026-07-13T16:56:00.000Z
2026-07-13T17:05:30Z,2026-07-13 18:05:30,940GZZLUCSD,Colliers Wood,0.063948,true,quiet,2026-07-13T16:56:00.000Z
2026-07-13T17:05:30Z,2026-07-13 18:05:30,940GZZLUTBY,Tooting Broadway,0.454160,true,busy,2026-07-13T16:56:00.000Z
2026-07-13T17:05:30Z,2026-07-13 18:05:30,940GZZLUTBC,Tooting Bec,,true,none,2026-07-13T16:56:00.000Z
2026-07-13T17:05:30Z,2026-07-13 18:05:30,940GZZLUBLM,Balham,0.423402,true,busy,2026-07-13T16:56:00.000Z
2026-07-13T17:05:30Z,2026-07-13 18:05:30,940GZZLUCPS,Clapham South,0.055530,true,quiet,2026-07-13T16:56:00.000Z
2026-07-13T17:05:30Z,2026-07-13 18:05:30,940GZZLUCPC,Clapham Common,0.034494,true,quiet,2026-07-13T16:56:00.000Z
2026-07-13T17:05:30Z,2026-07-13 18:05:30,940GZZLUCPN,Clapham North,0.031333,true,quiet,2026-07-13T16:56:00.000Z
2026-07-13T17:10:59Z,2026-07-13 18:10:59,940GZZLUCSD,Colliers Wood,0.089435,true,quiet,2026-07-13T17:06:00.000Z
2026-07-13T17:10:59Z,2026-07-13 18:10:59,940GZZLUTBY,Tooting Broadway,,true,none,2026-07-13T17:06:00.000Z
2026-07-13T17:10:59Z,2026-07-13 18:10:59,940GZZLUTBC,Tooting Bec,,true,none,2026-07-13T17:06:00.000Z
2026-07-13T17:10:59Z,2026-07-13 18:10:59,940GZZLUBLM,Balham,0.472530,true,busy,2026-07-13T17:06:00.000Z
2026-07-13T17:10:59Z,2026-07-13 18:10:59,940GZZLUCPS,Clapham South,0.065089,true,quiet,2026-07-13T17:06:00.000Z
2026-07-13T17:10:59Z,2026-07-13 18:10:59,940GZZLUCPC,Clapham Common,0.044582,true,quiet,2026-07-13T17:06:00.000Z
2026-07-13T17:10:59Z,2026-07-13 18:10:59,940GZZLUCPN,Clapham North,0.038394,true,quiet,2026-07-13T17:06:00.000Z
